title,price_gbp
It's Only the Himalayas,45.17
Full Moon over Noahâs Ark: An Odyssey to Mount Ararat and Beyond,49.43
See America: A Celebration of Our National Parks & Treasured Sites,48.87
A Summer In Europe,44.34
Sharp Objects,47.82
The Murder of Roger Ackroyd (Hercule Poirot #4),44.1
A Time of Torment (Charlie Parker #14),48.35
The Exiled,43.45
Glory over Everything: Beyond The Kitchen House,45.84
The Guernsey Literary and Potato Peel Pie Society,49.53
Girl in the Blue Coat,46.83
While You Were Mine,41.32
